,id,href,acousticness,danceability,energy,instrumentalness,key,liveness,loudness,mode,speechiness,tempo,valence,spotify_id
0,b265cbf1-9879-4e46-9d78-c006bd9ffaab,https://open.spotify.com/track/1jJci4qxiYcOHhQR247rEU,0.00076,0.451,0.931,0.0049,9.0,0.361,-3.871,1.0,0.0719,122.961,0.172,1jJci4qxiYcOHhQR247rEU
0,745912c4-cdb6-4a66-b48a-1d8e5672d044,https://open.spotify.com/track/1bx7OUl2UmAnA5oZkm9If7,0.0171,0.58,0.981,1.07e-05,8.0,0.386,-2.603,0.0,0.06,134.007,0.861,1bx7OUl2UmAnA5oZkm9If7
0,3fd6bac3-6423-4a92-9970-0ebd6693f577,https://open.spotify.com/track/39shmbIHICJ2Wxnk1fPSdz,0.0804,0.743,0.836,0.0,2.0,0.384,-6.465,1.0,0.116,113.375,0.82,39shmbIHICJ2Wxnk1fPSdz
1,783e1a33-8426-4946-91b7-7df50838c431,https://open.spotify.com/track/5u5MpBnvJejW9dHPrfWEXZ,0.046,0.801,0.645,0.0,1.0,0.0357,-6.93,1.0,0.0356,110.011,0.824,5u5MpBnvJejW9dHPrfWEXZ
2,f791fdbe-c518-4490-8f5b-d0af20e4d040,https://open.spotify.com/track/7H5WVBQdSnJ1zmu8JoD6pg,0.00327,0.544,0.925,0.000399,9.0,0.284,-3.828,0.0,0.0406,101.984,0.789,7H5WVBQdSnJ1zmu8JoD6pg
3,cc39cba0-5ee2-4d46-b0a4-802fac56b86d,https://open.spotify.com/track/05ajrG3EAcIe3j7NuqRV9B,0.000322,0.463,0.967,0.357,4.0,0.308,-5.781,0.0,0.0901,145.915,0.741,05ajrG3EAcIe3j7NuqRV9B
4,a11846b1-e2d7-4294-92b2-ca1bc9c5a809,https://open.spotify.com/track/2WQ09wqQBIOor7Q0VpIDBK,0.0172,0.715,0.907,8.39e-05,7.0,0.426,-6.025,0.0,0.0993,124.991,0.841,2WQ09wqQBIOor7Q0VpIDBK
5,443d905e-3a71-4532-b29d-5f14981d98dc,https://open.spotify.com/track/2z4U9d5OAA4YLNXoCgioxo,0.00472,0.578,0.926,0.0127,6.0,0.14,-3.689,0.0,0.0548,149.976,0.877,2z4U9d5OAA4YLNXoCgioxo
6,0e851529-7197-4be4-b681-eab7fa086a17,https://open.spotify.com/track/0SLtqCrXBRrnkxSOMA3X4W,0.000169,0.478,0.965,0.00251,10.0,0.0854,-5.022,1.0,0.0642,125.152,0.347,0SLtqCrXBRrnkxSOMA3X4W
7,252d1340-d7c5-474f-949b-c42dcccc9c38,https://open.spotify.com/track/7j31rVgGX9Q2blT92VBEA0,0.0506,0.463,0.857,0.0,4.0,0.184,-3.063,1.0,0.0632,111.647,0.856,7j31rVgGX9Q2blT92VBEA0
8,2da1e985-7757-470b-8474-df686adc33f8,https://open.spotify.com/track/6kcHg7XL6SKyPNd78daRBL,0.0392,0.67,0.843,0.0,1.0,0.225,-4.311,1.0,0.0454,117.01,0.713,6kcHg7XL6SKyPNd78daRBL
9,1a15f8e8-deef-497e-9ab8-7881f97e4239,https://open.spotify.com/track/6PwjJ58I4t7Mae9xfZ9l9v,9.04e-05,0.497,0.97,0.000674,10.0,0.101,-4.851,0.0,0.0836,138.081,0.689,6PwjJ58I4t7Mae9xfZ9l9v
10,84c3b1ae-0e4b-4e03-9e76-de53c9187f0f,https://open.spotify.com/track/0w5Bdu51Ka25Pf3hojsKHh,0.00647,0.695,0.818,4.87e-06,5.0,0.0219,-5.379,0.0,0.0334,119.965,0.916,0w5Bdu51Ka25Pf3hojsKHh
11,70314b98-c416-4a6c-85b8-f50007ba34a2,https://open.spotify.com/track/0GO8y8jQk1PkHzS31d699N,0.00847,0.56,0.936,0.0,3.0,0.161,-5.835,1.0,0.0439,112.96,0.371,0GO8y8jQk1PkHzS31d699N
12,804b584e-7f67-47c3-b2a6-6b72fef29613,https://open.spotify.com/track/3DQVgcqaP3iSMbaKsd57l5,0.00225,0.535,0.948,0.0,6.0,0.376,-4.19,0.0,0.0356,103.183,0.778,3DQVgcqaP3iSMbaKsd57l5
13,88e7e930-f682-4d2a-9c40-ddd423a996fe,https://open.spotify.com/track/27L8sESb3KR79asDUBu8nW,0.00207,0.774,0.75,1.78e-05,11.0,0.0808,-4.927,0.0,0.0412,118.015,0.927,27L8sESb3KR79asDUBu8nW
14,97b5bd5f-1615-44b0-b475-5075e9dc3c0f,https://open.spotify.com/track/75D3n6wnFQmu1HVmLAlWM4,0.0243,0.395,0.979,0.0,8.0,0.12,-3.241,1.0,0.0766,158.842,0.41,75D3n6wnFQmu1HVmLAlWM4
15,f4b4e35e-efb6-4f84-a4ee-fd4c7db45b94,https://open.spotify.com/track/5qGwqO0lkbBXw4xNfzT7SF,0.0106,0.555,0.993,0.0318,1.0,0.403,-5.067,1.0,0.0462,124.018,0.683,5qGwqO0lkbBXw4xNfzT7SF
16,8e9a35f8-6c66-48d1-993e-8198ad7c4919,https://open.spotify.com/track/1q9l6c8bAzqWcvO3DM6FsR,0.0195,0.707,0.923,0.0,7.0,0.342,-3.409,1.0,0.0276,108.023,0.845,1q9l6c8bAzqWcvO3DM6FsR
17,edb6fe45-fab9-4ac7-9b40-06ee3a40cc28,https://open.spotify.com/track/7ne4VBA60CxGM75vw0EYad,0.214,0.554,0.808,0.0,1.0,0.159,-4.169,1.0,0.0368,108.548,0.372,7ne4VBA60CxGM75vw0EYad
18,d2ae4711-4808-435c-825c-cb071ec46e62,https://open.spotify.com/track/0l4DTppOxy7NUaEcwXuOb6,0.00034,0.482,0.829,0.0,5.0,0.378,-5.576,1.0,0.0437,147.99,0.739,0l4DTppOxy7NUaEcwXuOb6
19,9a89eee8-0f06-45ca-926f-68d5d9a9a998,https://open.spotify.com/track/6kopmMZiyLmw7h66uXcXR7,0.00243,0.699,0.83,0.00024,1.0,0.0995,-4.898,1.0,0.0633,105.809,0.889,6kopmMZiyLmw7h66uXcXR7
20,df06ca9e-33b5-4f97-ac02-44ac27529e60,https://open.spotify.com/track/7FOgcfdz9Nx5V9lCNXdBYv,0.0176,0.657,0.82,0.0,9.0,0.0847,-4.448,1.0,0.0441,124.041,0.709,7FOgcfdz9Nx5V9lCNXdBYv
21,86d1fa8a-a4b1-4413-9e57-3a296c9b5833,https://open.spotify.com/track/3aAuIvgJGdp4wWd60riWfB,0.567,0.717,0.527,0.00668,9.0,0.0785,-10.779,1.0,0.0292,116.288,0.731,3aAuIvgJGdp4wWd60riWfB
22,8488b138-7654-404f-9162-ad8ff77047d1,https://open.spotify.com/track/5xEM5hIgJ1jjgcEBfpkt2F,0.0572,0.585,0.776,7.74e-06,5.0,0.3,-5.898,1.0,0.0459,77.987,0.427,5xEM5hIgJ1jjgcEBfpkt2F
23,49588717-0a38-484b-99b8-8307b0064215,https://open.spotify.com/track/3kROc4cT1QMKyQdPd0Gbvm,0.0175,0.446,0.811,0.0106,1.0,0.158,-3.075,1.0,0.0417,175.716,0.678,3kROc4cT1QMKyQdPd0Gbvm
24,5f874789-83c8-49c7-90b5-45d0d76bbb00,https://open.spotify.com/track/6aU6a9tdn2vHhnPGlboFZX,0.0495,0.414,0.528,0.00026,1.0,0.117,-7.733,1.0,0.0343,74.627,0.335,6aU6a9tdn2vHhnPGlboFZX
25,8d49b711-0a3d-42ae-912a-4435efe5d1ba,https://open.spotify.com/track/2iUmqdfGZcHIhS3b9E9EWq,0.00301,0.471,0.924,0.0,8.0,0.313,-3.906,1.0,0.0584,154.962,0.716,2iUmqdfGZcHIhS3b9E9EWq
26,5fc9f6e9-c67f-4c66-8da2-0a875d2855bb,https://open.spotify.com/track/4iZxeyibg6w4EFCOoAQ6Eh,0.000728,0.556,0.763,6.79e-06,6.0,0.071,-3.952,0.0,0.0413,138.984,0.814,4iZxeyibg6w4EFCOoAQ6Eh
27,8e29e764-dc43-4464-8698-7ab5cd29ca07,https://open.spotify.com/track/1UNEuG9DYOWiikf00ayr52,0.293,0.786,0.741,0.0,0.0,0.132,-6.147,1.0,0.0309,113.98,0.816,1UNEuG9DYOWiikf00ayr52
28,3bb5284d-8bdc-4665-ba83-6dec497979a7,https://open.spotify.com/track/2sgBTNHz9ckmqj3rx3ez4M,0.00768,0.447,0.937,1.33e-05,5.0,0.0787,-2.811,0.0,0.0492,93.452,0.431,2sgBTNHz9ckmqj3rx3ez4M
29,46cc4b67-7a84-4227-a159-8ca22de207f4,https://open.spotify.com/track/6bfV3ioO3qChqKVGMPhOjV,0.0278,0.67,0.991,0.0,1.0,0.346,-3.1,0.0,0.0578,127.0,0.797,6bfV3ioO3qChqKVGMPhOjV
30,7f93e4f5-e03b-4e0e-8b09-d70230bcc2a5,https://open.spotify.com/track/6gBjUipB0ZxHd1BvwdJTDQ,0.00761,0.474,0.91,0.000534,6.0,0.117,-4.408,1.0,0.0662,161.014,0.65,6gBjUipB0ZxHd1BvwdJTDQ
31,c1a2e268-2d20-4131-af89-8ad116ea1e32,https://open.spotify.com/track/28jHD8xBLnN8esbroQ6zz8,0.102,0.78,0.723,0.0,11.0,0.162,-5.564,0.0,0.106,104.974,0.764,28jHD8xBLnN8esbroQ6zz8
32,82b3b3d2-170b-442c-9bb0-433b4baf8079,https://open.spotify.com/track/221eHga9f9Ne4f8D7WVgPT,0.19,0.671,0.697,0.0,11.0,0.393,-3.851,1.0,0.116,119.867,0.848,221eHga9f9Ne4f8D7WVgPT
33,324f63eb-6c62-432a-93c8-99ea4d63efb7,https://open.spotify.com/track/2SsY5k7UWFqgye3PUMG3Oq,0.426,0.31,0.608,0.0,10.0,0.186,-6.225,1.0,0.0328,166.337,0.503,2SsY5k7UWFqgye3PUMG3Oq
34,7f955f0b-2fb5-41bd-8fc7-4df8cc5b5c59,https://open.spotify.com/track/3Cx4yrFaX8CeHwBMReOWXI,0.0771,0.712,0.967,0.0,7.0,0.356,-5.206,1.0,0.047,145.024,0.895,3Cx4yrFaX8CeHwBMReOWXI
35,e414f2f6-8bf6-4a40-b18c-531b32678bf1,https://open.spotify.com/track/5FYRDy9dLVi2uTa8httrVk,0.00301,0.486,0.926,0.0,9.0,0.0473,-3.864,0.0,0.0932,139.985,0.551,5FYRDy9dLVi2uTa8httrVk
36,5a4c3380-ea22-494d-905a-5c5ba40b4e1b,https://open.spotify.com/track/7f7CxGj0kzfwT1SjciL3ft,0.209,0.552,0.883,4.91e-06,10.0,0.0912,-5.61,0.0,0.0355,99.967,0.745,7f7CxGj0kzfwT1SjciL3ft
37,23fb55ef-c5ca-4ce6-bd8e-23012c823e93,https://open.spotify.com/track/0azC730Exh71aQlOt9Zj3y,0.199,0.631,0.927,0.119,9.0,0.148,-2.787,0.0,0.0332,123.962,0.465,0azC730Exh71aQlOt9Zj3y
38,97208384-255d-490c-b537-fb98ef628f71,https://open.spotify.com/track/6RKGBcDtgzXx21zUjpeu6F,0.00652,0.613,0.661,0.0,9.0,0.0976,-4.984,1.0,0.0263,110.978,0.509,6RKGBcDtgzXx21zUjpeu6F
39,b640e4fe-3d1a-4f8e-bf11-09a4619c04b8,https://open.spotify.com/track/2pAkvdCFORWTiFJHVjojdC,0.0452,0.618,0.842,0.000216,9.0,0.0737,-4.384,0.0,0.0772,175.989,0.734,2pAkvdCFORWTiFJHVjojdC
40,3d0dd300-993e-4575-b112-d75c9785554c,https://open.spotify.com/track/7MmG8p0F9N3C4AXdK6o6Eb,0.213,0.646,0.823,0.0,2.0,0.322,-4.123,0.0,0.0394,128.035,0.418,7MmG8p0F9N3C4AXdK6o6Eb
41,96dbd45c-4563-451d-adfe-d065733afa75,https://open.spotify.com/track/2m1hi0nfMR9vdGC8UcrnwU,0.0103,0.434,0.897,0.0,0.0,0.612,-4.918,1.0,0.0488,148.708,0.685,2m1hi0nfMR9vdGC8UcrnwU
42,d30df8d8-44bb-49e9-80de-c102dad7a46a,https://open.spotify.com/track/7zzwX70dpGNS4YnfcWqBmE,0.0241,0.487,0.838,0.00158,7.0,0.115,-5.265,1.0,0.0935,150.013,0.188,7zzwX70dpGNS4YnfcWqBmE
43,be8670da-f6d1-4cc0-a045-e34d56fc29c6,https://open.spotify.com/track/2DFi8rwHcVkTTgu7PULhtI,0.0641,0.596,0.897,5.24e-05,10.0,0.0628,-2.94,1.0,0.0462,118.0,0.578,2DFi8rwHcVkTTgu7PULhtI
44,ea168f21-9376-4599-af81-049f1b184c64,https://open.spotify.com/track/45hOioMDJktr86iKDHC8gr,0.000722,0.56,0.959,0.000221,7.0,0.209,-2.433,1.0,0.102,163.983,0.669,45hOioMDJktr86iKDHC8gr
45,170c5a66-af21-4841-8ea7-4965d77c31fc,https://open.spotify.com/track/5p9XWUdvbUzmPCukOmwoU3,0.225,0.587,0.767,0.0,0.0,0.112,-5.713,1.0,0.0449,100.38,0.664,5p9XWUdvbUzmPCukOmwoU3
46,25db662b-33fa-4dca-acf9-a8d2ff333e8f,https://open.spotify.com/track/6i0V12jOa3mr6uu4WYhUBr,0.0841,0.732,0.396,3.58e-05,4.0,0.105,-9.348,0.0,0.0286,90.024,0.548,6i0V12jOa3mr6uu4WYhUBr
47,ed695486-68d3-467f-bac2-bec3bb04338e,https://open.spotify.com/track/6Rqn2GFlmvmV4w9Ala0I1e,0.863,0.451,0.326,0.0,7.0,0.192,-9.239,0.0,0.0372,81.726,0.55,6Rqn2GFlmvmV4w9Ala0I1e
48,474bba18-4d6c-4cbd-9224-2f9f7b2368e9,https://open.spotify.com/track/1jDJFeK9x3OZboIAHsY9k2,0.355,0.505,0.904,0.118,6.0,0.14,-6.863,1.0,0.179,176.811,0.773,1jDJFeK9x3OZboIAHsY9k2
49,1e75afcf-b8e3-4b88-80f2-3c5834b40bff,https://open.spotify.com/track/4i1yHB5Q9PhtWlWCplG3u5,0.00606,0.559,0.82,0.0,5.0,0.0958,-3.381,1.0,0.0591,126.091,0.428,4i1yHB5Q9PhtWlWCplG3u5
50,c14e2d02-0670-4d49-a957-4fd4aa54970f,https://open.spotify.com/track/6kotXaSQaGYxE62hVpdHWu,0.0955,0.75,0.62,0.0129,7.0,0.0612,-8.72,1.0,0.0257,103.539,0.927,6kotXaSQaGYxE62hVpdHWu
51,eef2b6a5-3e92-460f-8a10-6de970f31a28,https://open.spotify.com/track/2olVm1lHicpveMAo4AUDRB,0.0964,0.768,0.828,2.85e-05,5.0,0.097,-5.109,1.0,0.0313,118.777,0.961,2olVm1lHicpveMAo4AUDRB
52,c5d24f15-36d1-45ed-b03b-51ea25c207a2,https://open.spotify.com/track/5ka2ajep9OAvU5Sgduhiex,0.0265,0.668,0.78,1.63e-06,7.0,0.143,-4.287,0.0,0.053,139.945,0.738,5ka2ajep9OAvU5Sgduhiex
53,944020be-20bf-473e-9b49-daf205050754,https://open.spotify.com/track/6etwirSInfuJrSOlogS6Sh,0.171,0.693,0.729,0.0,0.0,0.07,-2.99,1.0,0.378,117.848,0.521,6etwirSInfuJrSOlogS6Sh
54,654a7685-4c53-48c6-beb1-ab6d6dc0598a,https://open.spotify.com/track/2nGFzvICaeEWjIrBrL2RAx,0.167,0.739,0.511,1.34e-06,9.0,0.133,-7.844,1.0,0.0362,96.038,0.542,2nGFzvICaeEWjIrBrL2RAx
55,e32cccbc-4ca9-4862-b72e-88051789d7d0,https://open.spotify.com/track/5ZndIlfBM43CegOSMwAMc9,0.00182,0.613,0.885,0.000348,3.0,0.105,-4.196,1.0,0.0407,134.929,0.381,5ZndIlfBM43CegOSMwAMc9
56,0f050d92-2ae6-424c-acac-758facc273e4,https://open.spotify.com/track/22vgEDb5hykfaTwLuskFGD,0.0427,0.842,0.734,0.0,1.0,0.106,-5.065,0.0,0.0588,137.958,0.952,22vgEDb5hykfaTwLuskFGD
57,bc9c2904-9aed-43c9-a1d2-811bbe31e252,https://open.spotify.com/track/2RlgNHKcydI9sayD2Df2xp,0.652,0.388,0.338,3.73e-06,10.0,0.248,-10.054,1.0,0.0329,177.765,0.478,2RlgNHKcydI9sayD2Df2xp
58,27f14b37-229b-462b-9075-36df114a1594,https://open.spotify.com/track/49FYlytm3dAAraYgpoJZux,0.00906,0.585,0.828,0.0,1.0,0.0426,-4.603,1.0,0.124,174.034,0.584,49FYlytm3dAAraYgpoJZux
59,f1e0b0e3-5fc8-423c-8314-5ccde236b435,https://open.spotify.com/track/6QgjcU0zLnzq5OrUoSZ3OK,0.0417,0.801,0.795,0.000113,1.0,0.0717,-5.115,0.0,0.0504,79.028,0.754,6QgjcU0zLnzq5OrUoSZ3OK
60,0fdb36cd-aaf8-4b11-aca7-0be9624802e8,https://open.spotify.com/track/2RqtfcLB7iOZj0zYB8Auhu,0.013,0.7,0.701,0.0,11.0,0.461,-3.834,0.0,0.16,93.003,0.38,2RqtfcLB7iOZj0zYB8Auhu
61,bb63eac6-35cb-46f0-8d11-3df10316d001,https://open.spotify.com/track/7J6ZI2YKLJ8DUY2XFREHvL,0.0442,0.7,0.885,0.00698,9.0,0.0836,-4.106,0.0,0.0531,125.017,0.777,7J6ZI2YKLJ8DUY2XFREHvL
62,3cf662bc-0390-4110-8616-222aa4e853f1,https://open.spotify.com/track/3NLhkmfRnODa0Y0aNABHHy,0.287,0.735,0.675,0.0016,7.0,0.163,-6.552,0.0,0.0597,109.023,0.704,3NLhkmfRnODa0Y0aNABHHy
63,0a84146a-d438-4f73-ad62-bf68b2d462a8,https://open.spotify.com/track/72np30cEzvqzxAUG5mrhyT,0.0751,0.744,0.774,0.0,0.0,0.512,-6.399,1.0,0.0268,127.96,0.649,72np30cEzvqzxAUG5mrhyT
64,f4b9d7b6-40d8-40e2-94e1-b0d35bc9c48b,https://open.spotify.com/track/448LJjerQIqPjWNLWAVNSR,0.000781,0.637,0.915,7.5e-05,2.0,0.196,-4.317,0.0,0.0614,132.069,0.752,448LJjerQIqPjWNLWAVNSR
65,90f3e7f5-0998-42e7-8df2-a0fde43e7474,https://open.spotify.com/track/2EPr9Wx7e1cpGEbNAtuN7x,0.398,0.549,0.805,1.29e-06,3.0,0.0938,-7.436,1.0,0.0368,160.753,0.969,2EPr9Wx7e1cpGEbNAtuN7x
66,074fd55e-b1dd-4d12-aacf-c2633fd286c8,https://open.spotify.com/track/3mXexrmtPJ1KdWN37rYePx,0.32,0.388,0.63,0.0,9.0,0.0738,-6.292,0.0,0.0453,145.931,0.774,3mXexrmtPJ1KdWN37rYePx
67,91eefa90-6d41-4f88-a980-1367f3c8a328,https://open.spotify.com/track/0AH6WMe3OlAlUb5miXt2FQ,0.129,0.789,0.716,1.07e-05,11.0,0.069,-4.241,0.0,0.0432,125.906,0.611,0AH6WMe3OlAlUb5miXt2FQ
68,f6654fd2-b479-44c4-a58b-ee3eca9d903c,https://open.spotify.com/track/3TRELBIFeopjohZeKzVlL6,0.12,0.626,0.656,0.000157,9.0,0.269,-7.942,1.0,0.0537,144.96,0.468,3TRELBIFeopjohZeKzVlL6
69,9d4d0fc8-d13e-4d04-97b6-89b206f40519,https://open.spotify.com/track/39psNd97jsWTYIXrLOTco2,0.00552,0.348,0.64,0.0,7.0,0.254,-5.353,1.0,0.0763,136.033,0.358,39psNd97jsWTYIXrLOTco2
70,dcff22e3-14ea-489a-bbca-e449c5245e9d,https://open.spotify.com/track/4sNG6zQBmtq7M8aeeKJRMQ,0.0941,0.687,0.617,1.27e-05,4.0,0.0898,-5.213,1.0,0.0287,121.079,0.665,4sNG6zQBmtq7M8aeeKJRMQ
71,7039ac39-6385-45cd-867d-e527273e9930,https://open.spotify.com/track/2PpruBYCo4H7WOBJ7Q2EwM,0.103,0.727,0.974,0.000532,4.0,0.174,-2.261,0.0,0.0664,79.526,0.965,2PpruBYCo4H7WOBJ7Q2EwM
72,d08fee3b-8aaa-43a5-a6f2-ec7c5d6c4a4e,https://open.spotify.com/track/3SxiAdI8dP9AaaEz1Z24mn,0.109,0.54,0.856,0.0,0.0,0.276,-3.966,0.0,0.1,153.071,0.258,3SxiAdI8dP9AaaEz1Z24mn
73,83aca907-7616-4155-8210-dd18ba8131a4,https://open.spotify.com/track/557un1HgwYMuqfWGSTmnxw,0.0383,0.426,0.584,0.0,1.0,0.192,-5.293,1.0,0.296,193.438,0.272,557un1HgwYMuqfWGSTmnxw
74,61c0e089-7eb0-4a8d-877a-14db3fc48f47,https://open.spotify.com/track/48JM82SHQTBYkhEYhMaOaa,0.264,0.391,0.883,0.0,7.0,0.157,-5.973,1.0,0.0442,75.442,0.927,48JM82SHQTBYkhEYhMaOaa
75,8a1f758c-000a-4127-acfe-95d9f31a1214,https://open.spotify.com/track/0BowNHHxtXVyLMXxS31LBe,0.139,0.459,0.52,0.0,7.0,0.237,-7.165,1.0,0.0308,142.691,0.733,0BowNHHxtXVyLMXxS31LBe
76,e9ee5f93-6ac2-455d-9a9a-80723b730c8d,https://open.spotify.com/track/0Nkt36AVGOmfV1cJmFr74P,0.113,0.599,0.891,0.0,9.0,0.169,-3.458,0.0,0.261,202.031,0.942,0Nkt36AVGOmfV1cJmFr74P
77,9e1f893d-838b-43de-b9bd-c817d2ed1cae,https://open.spotify.com/track/32OlwWuMpZ6b0aN2RZOeMS,0.00801,0.856,0.609,8.15e-05,0.0,0.0344,-7.223,1.0,0.0824,114.988,0.928,32OlwWuMpZ6b0aN2RZOeMS
78,9a4780a6-e05f-45ed-ba17-5d4e52e368db,https://open.spotify.com/track/2CvOqDpQIMw69cCzWqr5yr,0.273,0.422,0.712,0.0,11.0,0.051,-5.907,0.0,0.1,78.454,0.471,2CvOqDpQIMw69cCzWqr5yr
79,084b3f44-da1c-48cb-b2de-db1ec9b5e7da,https://open.spotify.com/track/0wG4gampO24nC7VKm5pxjg,0.0622,0.496,0.857,0.0,0.0,0.0495,-3.313,1.0,0.0649,167.144,0.619,0wG4gampO24nC7VKm5pxjg
80,6c49559b-3221-48b7-8a0a-281e652b2a26,https://open.spotify.com/track/3Am0IbOxmvlSXro7N5iSfZ,0.336,0.39,0.502,0.000129,10.0,0.0713,-12.277,1.0,0.178,97.873,0.289,3Am0IbOxmvlSXro7N5iSfZ
81,d51a9eb4-f03a-4eeb-9c05-7d23a718aced,https://open.spotify.com/track/1ChulFMnwxoD74Me8eX2TU,0.000244,0.554,0.963,0.0702,6.0,0.431,-3.762,0.0,0.035,128.175,0.918,1ChulFMnwxoD74Me8eX2TU
82,b5bf26a6-fdb8-4dab-9bd1-a26bd3c86995,https://open.spotify.com/track/1BxfuPKGuaTgP7aM0Bbdwr,0.117,0.552,0.702,2.06e-05,9.0,0.105,-5.707,1.0,0.157,169.994,0.564,1BxfuPKGuaTgP7aM0Bbdwr
83,7b51ee66-b5e3-4236-bd43-6401c5c096c7,https://open.spotify.com/track/3f7gYMirBEKuc57218BjOY,0.0038,0.789,0.753,0.0,0.0,0.18,-3.71,1.0,0.0537,125.007,0.403,3f7gYMirBEKuc57218BjOY
84,eccfc622-759b-45e0-a034-b45abeae036c,https://open.spotify.com/track/455AfCsOhhLPRc68sE01D8,0.00125,0.649,0.814,4.29e-05,3.0,0.671,-3.796,0.0,0.0416,126.031,0.764,455AfCsOhhLPRc68sE01D8
85,d5df2d8a-67fc-4cf5-9db1-78159349860a,https://open.spotify.com/track/4vnYwFOZCVl0bmerWyuzRw,0.147,0.341,0.895,0.0,9.0,0.0741,-6.66,1.0,0.076,174.987,0.677,4vnYwFOZCVl0bmerWyuzRw
86,9ee7c924-798c-4aa3-a621-2a373449776e,https://open.spotify.com/track/3mqRLlD9j92BBv1ueFhJ1l,0.154,0.632,0.877,0.0,4.0,0.328,-6.905,1.0,0.0606,138.391,0.749,3mqRLlD9j92BBv1ueFhJ1l
87,db1ef4b0-baca-4980-a691-48cd2031ce6a,https://open.spotify.com/track/25yQPHgC35WNnnOUqFhgVR,0.0469,0.311,0.325,0.0,2.0,0.139,-9.042,1.0,0.0283,65.09,0.668,25yQPHgC35WNnnOUqFhgVR
88,d34b39b6-e1d4-4565-a9a4-eaeade140fca,https://open.spotify.com/track/3WC5CVAahvn98hiseoIvbw,0.00215,0.661,0.729,0.0013,7.0,0.0477,-6.561,1.0,0.0376,103.987,0.668,3WC5CVAahvn98hiseoIvbw
89,e2ab5eef-df9b-4042-8777-c8d5bac7bc90,https://open.spotify.com/track/2SVQxudiW2vmKedCf41Isd,0.0293,0.697,0.828,0.0,8.0,0.0635,-4.18,1.0,0.0868,103.982,0.904,2SVQxudiW2vmKedCf41Isd
90,935ad8dc-d561-4548-882e-3e4699dc15cd,https://open.spotify.com/track/6dGnYIeXmHdcikdzNNDMm2,0.0339,0.557,0.54,0.00248,9.0,0.179,-10.484,1.0,0.0347,129.177,0.394,6dGnYIeXmHdcikdzNNDMm2
91,6da6deb3-0b22-4405-b118-9f654b3d3510,https://open.spotify.com/track/235LXPXfi0SmOaS9TaCh3c,0.0162,0.719,0.798,2.34e-06,10.0,0.134,-4.582,1.0,0.0361,120.012,0.591,235LXPXfi0SmOaS9TaCh3c
92,6d5235d0-a18b-4313-80ba-a1bbc3474544,https://open.spotify.com/track/4pbG9SUmWIvsROVLF0zF9s,0.386,0.49,0.715,0.0,7.0,0.311,-5.549,1.0,0.0476,130.726,0.866,4pbG9SUmWIvsROVLF0zF9s
93,db147626-2e37-4445-a048-260b0fb41790,https://open.spotify.com/track/2WfaOiMkCvy7F5fcp2zZ8L,0.018,0.573,0.902,0.00125,6.0,0.0928,-7.638,0.0,0.054,84.412,0.876,2WfaOiMkCvy7F5fcp2zZ8L
94,bf5b3716-12a4-42aa-807a-1bd09bcc1f80,https://open.spotify.com/track/0TvQLMecTE8utzoNmvXRbK,0.0871,0.652,0.802,6.45e-06,7.0,0.148,-6.114,1.0,0.181,170.157,0.295,0TvQLMecTE8utzoNmvXRbK
95,2b1313c7-25d2-4a32-b68f-4548942bdc62,https://open.spotify.com/track/0ByMNEPAPpOR5H69DVrTNy,0.0341,0.834,0.669,7.18e-05,6.0,0.0535,-5.582,0.0,0.0637,122.669,0.547,0ByMNEPAPpOR5H69DVrTNy
96,ec53b90a-f5ba-4972-aede-7225c5410e48,https://open.spotify.com/track/3dYD57lRAUcMHufyqn9GcI,0.637,0.575,0.664,0.0,4.0,0.116,-5.303,0.0,0.0481,129.071,0.437,3dYD57lRAUcMHufyqn9GcI
97,687464de-1364-4abb-8240-d5e699d2ea66,https://open.spotify.com/track/3G6SMlksLlVjC17npbXQCA,0.0158,0.527,0.735,0.0,8.0,0.103,-3.24,1.0,0.0498,155.126,0.711,3G6SMlksLlVjC17npbXQCA
98,02c129f5-ab7b-4b0d-ba78-194eee547473,https://open.spotify.com/track/0XXyGdcVEHZ6CnmAlNsqKl,0.000413,0.461,0.915,0.0,0.0,0.415,-3.581,1.0,0.0456,176.701,0.526,0XXyGdcVEHZ6CnmAlNsqKl
99,44e13e85-abf2-424b-a0ad-914af2a46b6b,https://open.spotify.com/track/4duwzDXqXM9Sg3I92OAZsC,0.0625,0.641,0.911,0.0,6.0,0.309,-5.372,0.0,0.0862,109.037,0.771,4duwzDXqXM9Sg3I92OAZsC
100,060f290d-17a8-4e3a-afa5-8ddf162f8522,https://open.spotify.com/track/1u8c2t2Cy7UBoG4ArRcF5g,0.103,0.76,0.703,0.0,5.0,0.0913,-5.412,1.0,0.054,95.997,0.57,1u8c2t2Cy7UBoG4ArRcF5g
101,5e2c11cc-3f44-45e7-8262-d868908eb76d,https://open.spotify.com/track/5GjPQ0eI7AgmOnADn1EO6Q,0.936,0.581,0.28,1.56e-05,4.0,0.305,-9.091,0.0,0.0381,137.831,0.813,5GjPQ0eI7AgmOnADn1EO6Q
102,f136b233-1c8d-4ecc-81cf-2bb2d7f1d85b,https://open.spotify.com/track/5CeL9C3bsoe4yzYS1Qz8cw,0.00986,0.693,0.875,0.0,7.0,0.0601,-8.354,0.0,0.0315,120.048,0.899,5CeL9C3bsoe4yzYS1Qz8cw
103,10cc97dc-8973-430d-b082-a6460c741f76,https://open.spotify.com/track/7DD7eSuYSC5xk2ArU62esN,0.188,0.534,0.725,0.0,6.0,0.0994,-7.576,0.0,0.0333,94.963,0.767,7DD7eSuYSC5xk2ArU62esN
104,db22dcef-e65d-4796-9f10-ff4a9dc03c1a,https://open.spotify.com/track/5ZBeML7Lf3FMEVviTyvi8l,0.641,0.482,0.849,7.74e-06,2.0,0.0414,-9.198,1.0,0.0452,124.631,0.937,5ZBeML7Lf3FMEVviTyvi8l
105,b4133141-0492-43ed-b50d-96f806537f5c,https://open.spotify.com/track/2grjqo0Frpf2okIBiifQKs,0.168,0.697,0.832,0.00131,9.0,0.269,-7.264,1.0,0.0298,125.926,0.979,2grjqo0Frpf2okIBiifQKs
106,68753dd7-14f9-48cc-9302-6ee252d117c6,https://open.spotify.com/track/1sjmKmR4u9xDeJHjDCn2bZ,0.411,0.633,0.385,8.72e-05,9.0,0.095,-9.967,1.0,0.0358,113.96,0.647,1sjmKmR4u9xDeJHjDCn2bZ
107,e0b08b8e-d23b-4533-afcc-ac1732e625c7,https://open.spotify.com/track/4N5s8lPTsjI9EGP7K4SXzB,0.0695,0.685,0.738,0.0,8.0,0.128,-4.413,1.0,0.0595,112.972,0.8,4N5s8lPTsjI9EGP7K4SXzB
108,bad818be-076f-4765-ab31-23901c54bfcb,https://open.spotify.com/track/2ixsaeFioXJmMgkkbd4uj1,0.0846,0.717,0.455,0.0,5.0,0.11,-8.303,1.0,0.0276,127.812,0.389,2ixsaeFioXJmMgkkbd4uj1
109,00b9d79a-6e9f-4520-b133-9a8dac1b248f,https://open.spotify.com/track/2GYHyAoLWpkxLVa4oYTVko,0.0983,0.79,0.593,0.00202,1.0,0.065,-9.204,0.0,0.0776,119.958,0.72,2GYHyAoLWpkxLVa4oYTVko
110,3210f731-d347-41c3-be26-d4aa253da9f8,https://open.spotify.com/track/2gG7E5OZi5D5QLRIctv63z,0.297,0.756,0.837,0.0,2.0,0.0567,-6.943,1.0,0.051,132.146,0.588,2gG7E5OZi5D5QLRIctv63z
111,b354d987-86bb-46d2-9ec8-12da711f4afe,https://open.spotify.com/track/2IJftBfq7pJ43tfnOR0RB3,0.0915,0.636,0.467,1.7e-06,4.0,0.117,-10.1,1.0,0.0421,96.639,0.58,2IJftBfq7pJ43tfnOR0RB3
112,c7b7ccfc-d577-484e-bb51-064981f8bbdc,https://open.spotify.com/track/0ikz6tENMONtK6qGkOrU3c,0.271,0.62,0.573,0.0,0.0,0.0607,-11.893,1.0,0.0423,81.548,0.897,0ikz6tENMONtK6qGkOrU3c
113,d1f2928f-234b-4ba4-ab78-be44ea849a0f,https://open.spotify.com/track/4ofwffwvvnbSkrMSCKQDaC,0.286,0.673,0.735,0.0,5.0,0.242,-4.733,1.0,0.0457,115.744,0.754,4ofwffwvvnbSkrMSCKQDaC
114,4bc8b06f-d1a4-4eae-ba1b-96c80349f368,https://open.spotify.com/track/2AMysGXOe0zzZJMtH3Nizb,0.0986,0.513,0.629,0.0,4.0,0.146,-9.055,0.0,0.19,70.568,0.498,2AMysGXOe0zzZJMtH3Nizb
115,fa6731b0-6020-4beb-a6cc-51b70eb25423,https://open.spotify.com/track/79z9QkhHePTFsSeVw9uyj0,0.00143,0.632,0.639,0.0,5.0,0.221,-5.938,1.0,0.0259,95.506,0.733,79z9QkhHePTFsSeVw9uyj0
116,d8febe88-d75c-4a51-be57-a5bbee529583,https://open.spotify.com/track/7fWWbkok99Tvh8aly2Buox,0.00116,0.68,0.851,0.00188,11.0,0.308,-7.664,0.0,0.119,127.954,0.59,7fWWbkok99Tvh8aly2Buox
117,6fa83e1a-849e-44fc-af65-4845790cff89,https://open.spotify.com/track/66u6ycRUqlrW9C05QJUmSo,0.117,0.724,0.659,2.83e-06,11.0,0.208,-8.254,0.0,0.194,112.99,0.379,66u6ycRUqlrW9C05QJUmSo
118,1c7c21cb-5ac9-48b2-a65b-ccda259ad08c,https://open.spotify.com/track/6M4nkEPZMj58acftDRTuKL,0.223,0.701,0.638,0.00219,5.0,0.279,-9.061,0.0,0.165,109.96,0.646,6M4nkEPZMj58acftDRTuKL
119,383dc879-f686-4d29-b947-d29e5d1469a2,https://open.spotify.com/track/1pRvlcrVxqdDAyYT1Ym3Wq,0.0208,0.661,0.821,0.000134,8.0,0.384,-8.008,1.0,0.11,149.996,0.551,1pRvlcrVxqdDAyYT1Ym3Wq
120,426d509c-7369-449b-8d1c-69da3f627245,https://open.spotify.com/track/3BovdzfaX4jb5KFQwoPfAw,0.0242,0.776,0.711,0.000353,3.0,0.234,-9.03,0.0,0.0473,138.728,0.901,3BovdzfaX4jb5KFQwoPfAw
121,89146da8-51d8-4805-a304-7709954f966f,https://open.spotify.com/track/4FUfoWMypAyWbOavmYyeNu,0.238,0.757,0.757,0.0,1.0,0.0476,-7.599,1.0,0.0389,124.955,0.967,4FUfoWMypAyWbOavmYyeNu
122,ff7bc8a5-c59f-4995-ac29-72a193f3ea12,https://open.spotify.com/track/4w47YE9rjhmZUdtZjSCb82,0.00892,0.752,0.676,1.94e-06,1.0,0.186,-5.233,0.0,0.0418,95.017,0.425,4w47YE9rjhmZUdtZjSCb82
123,ba414f25-9b83-48ac-b170-46a31346decb,https://open.spotify.com/track/6tHebaRiIFTFraLOB3CgJB,0.596,0.587,0.493,0.832,4.0,0.143,-11.273,0.0,0.0799,171.884,0.274,6tHebaRiIFTFraLOB3CgJB
124,c1640909-6313-4905-a729-dd3e9503335c,https://open.spotify.com/track/0GjEhVFGZW8afUYGChu3Rr,0.358,0.543,0.87,0.000939,9.0,0.792,-6.514,1.0,0.0428,100.804,0.754,0GjEhVFGZW8afUYGChu3Rr
125,5a1d56b3-8f27-4875-ab04-793293a81631,https://open.spotify.com/track/1Je1IMUlBXcx1Fz0WE7oPT,0.101,0.768,0.864,0.0,11.0,0.162,-6.149,1.0,0.0324,110.009,0.891,1Je1IMUlBXcx1Fz0WE7oPT
126,b050ff61-942f-49f2-88d8-6e21f0294e39,https://open.spotify.com/track/2TxCwUlqaOH3TIyJqGgR91,0.295,0.749,0.748,0.000443,2.0,0.469,-7.011,1.0,0.0323,137.547,0.827,2TxCwUlqaOH3TIyJqGgR91
127,190de715-7b54-462f-a71a-cb10404fa892,https://open.spotify.com/track/6tFJdAZGXGsHTdMKmc1NjR,0.0783,0.865,0.763,0.0,4.0,0.105,-5.482,0.0,0.197,106.977,0.683,6tFJdAZGXGsHTdMKmc1NjR
128,78cff5a7-b8c5-47d8-94cd-c4e9e373352d,https://open.spotify.com/track/2bCQHF9gdG5BNDVuEIEnNk,0.247,0.853,0.981,0.468,8.0,0.306,-3.947,1.0,0.0751,118.193,0.595,2bCQHF9gdG5BNDVuEIEnNk
129,ae95e8d8-9696-46a4-a9d4-a0f69cb267f9,https://open.spotify.com/track/3S2R0EVwBSAVMd5UMgKTL0,0.0855,0.773,0.859,0.000187,11.0,0.914,-4.913,1.0,0.0747,118.459,0.813,3S2R0EVwBSAVMd5UMgKTL0
130,ced9693b-e81b-4562-9b15-c59dd567e38b,https://open.spotify.com/track/5ChkMS8OtdzJeqyybCc9R5,0.0236,0.92,0.654,0.0153,11.0,0.036,-3.051,0.0,0.0401,117.046,0.847,5ChkMS8OtdzJeqyybCc9R5
131,7ecaeb91-058e-4e44-9a51-3b225f9db062,https://open.spotify.com/track/0LNyWv4RYKbaXIvzk6nMxZ,0.00173,0.702,0.92,0.0133,0.0,0.127,-5.121,0.0,0.0363,131.986,0.625,0LNyWv4RYKbaXIvzk6nMxZ
132,96ba6a73-9e3b-46f5-8046-9e0080aee227,https://open.spotify.com/track/3WvvYdNIcRBh8pzvZ03khk,0.0579,0.437,0.945,1.79e-06,5.0,0.311,-4.599,1.0,0.0667,98.758,0.633,3WvvYdNIcRBh8pzvZ03khk
133,f92616af-54cd-4f39-854c-1f2433738206,https://open.spotify.com/track/42JySkX0qz4f7XamC4tzGy,0.223,0.46,0.793,2.93e-05,6.0,0.191,-4.271,0.0,0.039,166.914,0.715,42JySkX0qz4f7XamC4tzGy
134,b1038b56-c043-4477-9019-b4e72e1508b3,https://open.spotify.com/track/6CuMbl3b26uBxUlH1F6JDu,0.0497,0.469,0.956,5.34e-05,2.0,0.38,-4.093,1.0,0.0967,134.922,0.534,6CuMbl3b26uBxUlH1F6JDu
135,2b0237ca-d048-4c53-aa7d-6a4ac8ca0bb8,https://open.spotify.com/track/1cVqfZ3r5xsviAe6HKaFGc,0.0287,0.478,0.928,0.0,7.0,0.168,-5.016,0.0,0.0549,175.085,0.785,1cVqfZ3r5xsviAe6HKaFGc
136,1fff2d58-bb64-4040-aaeb-cc6e77b45116,https://open.spotify.com/track/6uUYdIpODNtc7QbWDLRCeK,0.029,0.457,0.775,1e-05,7.0,0.359,-5.579,0.0,0.0432,184.887,0.813,6uUYdIpODNtc7QbWDLRCeK
137,9cedea95-0f84-4d2b-ae5c-e75affde1eb6,https://open.spotify.com/track/4KWVR93JzJuVZtigaiZSxj,0.561,0.763,0.588,0.00218,2.0,0.117,-8.175,0.0,0.0492,123.922,0.353,4KWVR93JzJuVZtigaiZSxj
138,1adf6d9a-2288-4eb7-b38e-bed907781b33,https://open.spotify.com/track/34dx8DACTJsc3rsJdaEIQw,0.0266,0.732,0.809,0.0,10.0,0.0642,-7.264,0.0,0.0878,116.015,0.253,34dx8DACTJsc3rsJdaEIQw
139,8baf572b-11e4-4f09-a548-041447dc26f0,https://open.spotify.com/track/3vkQ5DAB1qQMYO4Mr9zJN6,0.02,0.749,0.491,0.00899,10.0,0.159,-9.655,1.0,0.0403,119.528,0.536,3vkQ5DAB1qQMYO4Mr9zJN6
140,4ebb098c-fb6b-4def-849f-0ab643d14c71,https://open.spotify.com/track/4eDYMhIin1pSLIG96f1aD0,0.0505,0.569,0.785,1.12e-06,1.0,0.086,-4.057,0.0,0.0457,128.031,0.303,4eDYMhIin1pSLIG96f1aD0
141,aec10970-228c-4cf6-a015-58b67ff2aeb4,https://open.spotify.com/track/4APjoR6Fmrrl707Z1cShHS,0.0484,0.744,0.749,0.0,7.0,0.746,-9.653,1.0,0.248,126.021,0.793,4APjoR6Fmrrl707Z1cShHS
142,ba2c1c45-c2d4-4209-914b-a6bb21135bcb,https://open.spotify.com/track/2vzMWO0T008m86yDnXwkII,0.473,0.537,0.757,0.0,3.0,0.341,-3.374,1.0,0.0274,103.882,0.421,2vzMWO0T008m86yDnXwkII
143,708dd26e-6ef4-4d50-8263-e14e6663ee9f,https://open.spotify.com/track/6393yGahSJ9slVdOwSxOVR,0.399,0.61,0.65,0.0,6.0,0.11,-6.199,1.0,0.0474,106.719,0.507,6393yGahSJ9slVdOwSxOVR
144,2078a690-6e44-4004-809d-20195c403d05,https://open.spotify.com/track/0Ph6L4l8dYUuXFmb71Ajnd,0.00414,0.425,0.954,0.0,1.0,0.0555,-3.756,0.0,0.0476,178.043,0.933,0Ph6L4l8dYUuXFmb71Ajnd
145,bd41b4b5-8267-4197-949d-4d9cdfce72f2,https://open.spotify.com/track/3Yqk2pdNJUtI7VOtweASV8,0.0218,0.673,0.905,0.00501,2.0,0.242,-6.208,1.0,0.0342,125.036,0.853,3Yqk2pdNJUtI7VOtweASV8
146,f5f239ea-0109-45fb-bb58-481e93670e44,https://open.spotify.com/track/3oWZwdnnwsCwMukQbPsEiy,0.00715,0.71,0.994,0.611,2.0,0.29,-4.899,1.0,0.0362,140.04,0.938,3oWZwdnnwsCwMukQbPsEiy
147,4ada56c1-0a3b-4ab1-ac86-7e2581d1385d,https://open.spotify.com/track/37Q5anxoGWYdRsyeXkkNoI,0.0243,0.64,0.852,1.82e-06,1.0,0.0497,-8.119,0.0,0.0345,122.902,0.793,37Q5anxoGWYdRsyeXkkNoI
148,93d3959e-f799-45ac-a67b-3d72becfa889,https://open.spotify.com/track/6nTiIhLmQ3FWhvrGafw2zj,2.64e-05,0.38,0.988,7.86e-05,1.0,0.368,-2.042,1.0,0.0639,186.113,0.769,6nTiIhLmQ3FWhvrGafw2zj
149,80485e66-ed5b-48bd-bfca-8a21b9d164af,https://open.spotify.com/track/4kgTdThcDHfuDS2kKxB7Lc,0.164,0.687,0.771,2.46e-05,6.0,0.112,-4.424,1.0,0.0384,129.964,0.445,4kgTdThcDHfuDS2kKxB7Lc
150,62945eba-6663-4aea-ab22-739ad62b0a19,https://open.spotify.com/track/64yrDBpcdwEdNY9loyEGbX,0.0518,0.268,0.742,0.0,5.0,0.626,-4.939,1.0,0.0355,159.779,0.416,64yrDBpcdwEdNY9loyEGbX
151,4f7473e6-d154-4564-b242-9789c1a0b115,https://open.spotify.com/track/7o7E1nrHWncYY7PY94gCiX,0.103,0.682,0.679,0.00831,1.0,0.204,-11.548,1.0,0.0755,131.157,0.251,7o7E1nrHWncYY7PY94gCiX
152,087bc1b4-5103-4d78-a8ed-cb964244850f,https://open.spotify.com/track/5Nm9ERjJZ5oyfXZTECKmRt,0.588,0.413,0.42,6.39e-05,0.0,0.11,-6.444,1.0,0.0416,84.126,0.185,5Nm9ERjJZ5oyfXZTECKmRt
153,5ce80596-c3e2-45b8-85e5-04d3148a972f,https://open.spotify.com/track/0yM3VmM8gHEVGViKvAbQkc,0.722,0.314,0.378,0.0,1.0,0.0333,-8.282,1.0,0.0339,87.987,0.243,0yM3VmM8gHEVGViKvAbQkc
154,a2c7d7ef-7b5b-4590-a461-96b2a58ff959,https://open.spotify.com/track/6L89mwZXSOwYl76YXfX13s,0.00293,0.442,0.943,8.71e-06,3.0,0.091,-3.205,1.0,0.0602,85.064,0.781,6L89mwZXSOwYl76YXfX13s
155,1c6a5a94-dc48-4e5e-b0f0-1f5982e55f1f,https://open.spotify.com/track/0lvhEsN1zkMzfp2M1o17yy,0.000277,0.559,0.825,0.0,8.0,0.85,-7.465,1.0,0.0299,146.372,0.653,0lvhEsN1zkMzfp2M1o17yy
156,06f92542-1a17-45fb-aa70-e9ec13a88c1c,https://open.spotify.com/track/3Fzlg5r1IjhLk2qRw667od,0.0624,0.632,0.856,0.0,10.0,0.347,-3.463,1.0,0.0348,119.397,0.867,3Fzlg5r1IjhLk2qRw667od
157,d318e6ce-0856-42c9-98e4-faf6f0a72b11,https://open.spotify.com/track/76hfruVvmfQbw0eYn1nmeC,0.152,0.774,0.753,0.0,4.0,0.0371,-5.446,0.0,0.0517,119.002,0.896,76hfruVvmfQbw0eYn1nmeC
158,8a0a33a6-368f-400d-be91-7061403ea763,https://open.spotify.com/track/2NniAhAtkRACaMeYt48xlD,0.000284,0.591,0.935,0.000278,6.0,0.142,-2.664,1.0,0.0478,140.043,0.736,2NniAhAtkRACaMeYt48xlD
159,91e60260-03b5-4e22-839b-5f7049dbba62,https://open.spotify.com/track/6JY1IdkZGeIcPegKxjSKeb,0.00206,0.662,0.739,0.0603,9.0,0.113,-5.354,0.0,0.0322,130.999,0.382,6JY1IdkZGeIcPegKxjSKeb
160,2d8b5636-0ea5-4673-b388-83e65d189c79,https://open.spotify.com/track/1nInOsHbtotAmEOQhtvnzP,0.046,0.562,0.939,0.0,0.0,0.112,-4.282,1.0,0.0475,116.044,0.684,1nInOsHbtotAmEOQhtvnzP
161,8a0b657b-f109-4bfb-9561-4a94540ae241,https://open.spotify.com/track/1dzQoRqT5ucxXVaAhTcT0J,0.0264,0.822,0.739,4.28e-05,1.0,0.181,-4.541,0.0,0.0311,118.99,0.745,1dzQoRqT5ucxXVaAhTcT0J
162,c6de7595-507f-4dd9-84c0-ec7057b07118,https://open.spotify.com/track/0G21yYKMZoHa30cYVi1iA8,0.0195,0.454,0.987,0.279,8.0,0.268,-4.485,1.0,0.0881,123.61,0.316,0G21yYKMZoHa30cYVi1iA8
163,228123fb-c8fb-4933-9cb5-bb9207164718,https://open.spotify.com/track/3L7RtEcu1Hw3OXrpnthngx,0.184,0.731,0.738,0.0,9.0,0.214,-8.125,0.0,0.0377,117.656,0.958,3L7RtEcu1Hw3OXrpnthngx
164,5a437c94-1634-4d81-b4ce-009ab08294e9,https://open.spotify.com/track/0SiywuOBRcynK0uKGWdCnn,0.00314,0.695,0.921,5.26e-05,0.0,0.0842,-3.752,1.0,0.0363,119.007,0.714,0SiywuOBRcynK0uKGWdCnn
165,bbe0d150-b9ff-453d-aab2-29a5eabd6cfd,https://open.spotify.com/track/0lnxrQAd9ZxbhBBe7d8FO8,0.00481,0.683,0.937,0.0046,9.0,0.07,-6.335,1.0,0.0449,104.879,0.619,0lnxrQAd9ZxbhBBe7d8FO8
166,28bd9b5c-3030-47ea-8c22-46644a478705,https://open.spotify.com/track/6x4tKaOzfNJpEJHySoiJcs,0.103,0.622,0.807,0.0,5.0,0.306,-6.752,0.0,0.408,174.06,0.892,6x4tKaOzfNJpEJHySoiJcs
167,5d0e959b-ec17-4eec-8d42-9c7fc2f584cb,https://open.spotify.com/track/7EZC6E7UjZe63f1jRmkWxt,0.0158,0.309,0.649,0.00591,7.0,0.367,-8.994,1.0,0.035,166.915,0.312,7EZC6E7UjZe63f1jRmkWxt
168,35600caf-3867-49b6-a8ad-7018a96b8367,https://open.spotify.com/track/0WbMK4wrZ1wFSty9F7FCgu,0.0502,0.7,0.582,0.0,11.0,0.0881,-5.96,0.0,0.0356,116.712,0.785,0WbMK4wrZ1wFSty9F7FCgu
169,3a847764-1030-487e-935c-29f67f184592,https://open.spotify.com/track/4xdBrk0nFZaP54vvZj0yx7,0.0187,0.742,0.757,0.0,6.0,0.305,-4.981,1.0,0.0421,139.982,0.957,4xdBrk0nFZaP54vvZj0yx7
170,1a85ba68-b5c0-4144-b00a-89529c571d1e,https://open.spotify.com/track/1hyEoJnQvkAyEJpxuOZ6C0,0.0669,0.626,0.667,0.0,6.0,0.181,-6.637,0.0,0.0417,75.006,0.748,1hyEoJnQvkAyEJpxuOZ6C0
171,00adb7d2-ba7d-49cd-92eb-2809fade71fd,https://open.spotify.com/track/0KAiuUOrLTIkzkpfpn9jb9,0.00107,0.765,0.837,1.06e-05,1.0,0.0801,-3.113,0.0,0.032,122.028,0.721,0KAiuUOrLTIkzkpfpn9jb9
172,c03a0e2d-f951-485c-83d5-08e79f96bdd7,https://open.spotify.com/track/4HlFJV71xXKIGcU3kRyttv,0.185,0.673,0.886,0.0,1.0,0.0826,-4.44,0.0,0.0431,97.012,0.795,4HlFJV71xXKIGcU3kRyttv
173,bc6de1e3-445e-4f08-b852-11acc6ca28f4,https://open.spotify.com/track/1QV6tiMFM6fSOKOGLMHYYg,0.119,0.851,0.806,1.72e-06,4.0,0.121,-4.618,1.0,0.0787,119.001,0.774,1QV6tiMFM6fSOKOGLMHYYg
174,de377434-c9ac-46ae-a04a-94d9df8d714d,https://open.spotify.com/track/5vNRhkKd0yEAg8suGBpjeY,0.0283,0.777,0.783,0.0,0.0,0.355,-4.477,0.0,0.26,149.027,0.939,5vNRhkKd0yEAg8suGBpjeY
175,078bf143-a064-4c1c-ad6b-a910f4925094,https://open.spotify.com/track/0A8HsvOQDZwok0iyMflSdW,0.798,0.368,0.384,0.0,0.0,0.0836,-8.068,1.0,0.0436,74.031,0.351,0A8HsvOQDZwok0iyMflSdW
176,1ed2c7fd-fb20-4e30-8e90-e469513451aa,https://open.spotify.com/track/5s5RWM20nO50Ixe2et4uNu,0.685,0.564,0.389,0.0,1.0,0.135,-8.169,1.0,0.179,94.887,0.5,5s5RWM20nO50Ixe2et4uNu
177,600a4890-747d-4717-acf5-e5c39d255341,https://open.spotify.com/track/612SYVkgQ1cbMSkSPIjb36,0.637,0.757,0.704,0.0,6.0,0.188,-5.203,0.0,0.0604,107.974,0.763,612SYVkgQ1cbMSkSPIjb36
178,136e03e1-345c-4b20-a0cc-58e9bee047bd,https://open.spotify.com/track/6YYeBYEpkiR84eCDNPBDoF,0.514,0.505,0.589,0.0,6.0,0.058,-6.916,1.0,0.0852,99.648,0.585,6YYeBYEpkiR84eCDNPBDoF
179,1d07a903-ceaa-4ab6-81f2-87aaa0093cf9,https://open.spotify.com/track/1TfqLAPs4K3s2rJMoCokcS,0.225,0.692,0.711,0.0,0.0,0.12,-7.498,0.0,0.0317,125.135,0.875,1TfqLAPs4K3s2rJMoCokcS
180,a08fd978-4a70-400a-a8d7-ceb3196af10c,https://open.spotify.com/track/2fmCA13dwQQOGBIbIOWRiJ,0.00043,0.49,0.848,8.49e-06,9.0,0.0665,-5.05,1.0,0.0645,175.998,0.698,2fmCA13dwQQOGBIbIOWRiJ
181,01e494a6-2ec1-4164-b8fc-7fcf0b25e539,https://open.spotify.com/track/244AvzGQ4Ksa5637JQu5Gy,0.00481,0.574,0.694,0.0,6.0,0.102,-4.697,1.0,0.0327,109.85,0.401,244AvzGQ4Ksa5637JQu5Gy
182,ce1b70b1-2049-4672-bdb3-151ed690c936,https://open.spotify.com/track/0z5QvYyZ7hJ43Aa2bp2N31,0.00838,0.554,0.738,0.0,2.0,0.551,-4.21,0.0,0.0403,105.003,0.425,0z5QvYyZ7hJ43Aa2bp2N31
183,ae3d24af-595b-4021-a38a-1aa68e3cd27d,https://open.spotify.com/track/53sz4K5pKUWMINwSgD5peH,0.119,0.537,0.753,0.0,10.0,0.161,-4.952,1.0,0.0609,107.352,0.579,53sz4K5pKUWMINwSgD5peH
184,1c2490ce-e73b-459f-b444-79db4e4ffcb0,https://open.spotify.com/track/2fB3nWTsj1Aba2oJsAiTck,0.394,0.791,0.481,0.0,0.0,0.0376,-7.26,1.0,0.0705,121.96,0.659,2fB3nWTsj1Aba2oJsAiTck
185,61fce55e-56aa-4f23-a8ab-c79ea0f33661,https://open.spotify.com/track/03uQyt8Bdnt2paQgCWZl5v,0.091,0.656,0.804,0.0,0.0,0.297,-4.35,1.0,0.0894,111.96,0.489,03uQyt8Bdnt2paQgCWZl5v
186,00cb8f03-e710-4da7-9121-150a7ae70c17,https://open.spotify.com/track/4A1GfEVOELS3vo4tSa6bts,0.0726,0.816,0.633,7.49e-06,8.0,0.224,-6.378,1.0,0.11,134.012,0.403,4A1GfEVOELS3vo4tSa6bts
187,3cafc055-faee-49d9-87d1-142e2e70b138,https://open.spotify.com/track/1zyrjK69LRZCvEmUtJUbsT,0.134,0.271,0.687,0.0,11.0,0.233,-4.368,0.0,0.0542,149.772,0.317,1zyrjK69LRZCvEmUtJUbsT
188,d2d382a6-d509-40ec-9343-db6d9ba5a0bf,https://open.spotify.com/track/6uUE5S0ZYveiVxl05XIH7G,0.241,0.525,0.702,0.0,8.0,0.217,-4.747,1.0,0.365,99.787,0.653,6uUE5S0ZYveiVxl05XIH7G
189,13d4734c-baa5-43c9-bdf3-fb9bf45eb989,https://open.spotify.com/track/15O3cEqfhnudkoMfZcJ7XV,0.0508,0.357,0.699,2.85e-06,7.0,0.403,-5.173,1.0,0.0501,147.477,0.229,15O3cEqfhnudkoMfZcJ7XV
190,726cd15b-598b-4d4f-b4e8-c19fe74abcfe,https://open.spotify.com/track/3iISGrl3JKqPQ4GLqPjVkt,0.164,0.242,0.731,1.21e-06,8.0,0.292,-4.828,0.0,0.0833,180.057,0.265,3iISGrl3JKqPQ4GLqPjVkt
191,74d76b73-b3e0-4087-ac31-7e49c412f583,https://open.spotify.com/track/5cesclKWAhsCcZJDBhkWaa,0.0956,0.679,0.803,0.0,4.0,0.27,-3.326,1.0,0.125,140.033,0.808,5cesclKWAhsCcZJDBhkWaa
192,cb445f8a-31d6-4798-acf1-b040a0886749,https://open.spotify.com/track/42kiFUenq5MVKpmCwjh1Cu,0.1,0.555,0.74,0.0,8.0,0.167,-4.523,1.0,0.129,102.479,0.618,42kiFUenq5MVKpmCwjh1Cu
193,76479f53-7602-4bb5-9f81-c813c8d36129,https://open.spotify.com/track/6NqatMVtEM2iB4FcLGFxrN,0.538,0.864,0.681,0.0,8.0,0.555,-6.032,1.0,0.232,118.061,0.734,6NqatMVtEM2iB4FcLGFxrN
194,11432b6b-be32-4851-af54-38ff0dacbd20,https://open.spotify.com/track/0QCM97jGFzXZCxsWm3sgQ5,0.688,0.499,0.45,0.0,8.0,0.0645,-8.201,1.0,0.0544,134.932,0.36,0QCM97jGFzXZCxsWm3sgQ5
195,272f816b-b323-4aba-9d07-43749006a550,https://open.spotify.com/track/5L5N8YOsBxdzR9h9sudBgG,0.518,0.537,0.664,0.0,3.0,0.0665,-6.503,1.0,0.0951,106.198,0.563,5L5N8YOsBxdzR9h9sudBgG
196,a301f54b-0529-4e42-9bae-79c4bfb67823,https://open.spotify.com/track/7yxJmjusZamXwg4mZdnHxa,0.794,0.423,0.23,0.0,9.0,0.0872,-14.205,1.0,0.0859,80.854,0.211,7yxJmjusZamXwg4mZdnHxa
197,5bc8ef40-a219-4c81-a4c8-68db4878e895,https://open.spotify.com/track/5zkR2vfAGuzLeOL7MNKYvk,0.677,0.671,0.628,0.0,1.0,0.321,-6.417,1.0,0.239,120.815,0.744,5zkR2vfAGuzLeOL7MNKYvk
198,dbb525ce-d1fb-42a8-afbc-90f996ae2234,https://open.spotify.com/track/0YmK2XraSa4UQR07q4FQvR,0.467,0.749,0.77,0.0,9.0,0.0651,-4.959,1.0,0.106,111.968,0.856,0YmK2XraSa4UQR07q4FQvR
199,2fb16dcb-7e40-4260-b1e5-661233afd3f5,https://open.spotify.com/track/1vTlUeZQx3G063arrFeyrT,0.0306,0.795,0.758,1.38e-06,11.0,0.269,-6.289,1.0,0.0712,115.99,0.821,1vTlUeZQx3G063arrFeyrT
200,41f6fb8d-e396-406e-a619-eb6ca3774e6c,https://open.spotify.com/track/7FIrk5lA1IalpZ3OtieeC8,0.175,0.627,0.709,0.0,3.0,0.242,-4.692,1.0,0.0726,107.802,0.791,7FIrk5lA1IalpZ3OtieeC8
201,4491e17b-778c-4c0d-8ea7-162940068bd9,https://open.spotify.com/track/0gMW8XpPFPjoApDii5Tj1u,0.316,0.549,0.705,0.0,9.0,0.12,-5.563,1.0,0.0564,146.024,0.52,0gMW8XpPFPjoApDii5Tj1u
202,1f7c62f5-6498-467d-829b-8eb9edeede24,https://open.spotify.com/track/4nna9JONFIwr98bcX6tlta,0.168,0.677,0.731,0.0,7.0,0.103,-5.708,1.0,0.12,97.864,0.603,4nna9JONFIwr98bcX6tlta
203,5341ce29-1407-4ba9-92c6-fad50c4224a2,https://open.spotify.com/track/6WYHJTCeO3kyRfRmQW9enw,0.446,0.409,0.404,0.0,4.0,0.132,-6.517,1.0,0.0285,80.356,0.288,6WYHJTCeO3kyRfRmQW9enw
204,7c2bd7ef-8d86-44d7-a16e-0addac356a3d,https://open.spotify.com/track/6nkcPGa0sr24NFCc5l5UjE,0.647,0.584,0.312,0.0,4.0,0.152,-8.249,1.0,0.0405,96.026,0.455,6nkcPGa0sr24NFCc5l5UjE
205,4a1c9e94-35d6-4484-a719-5e8e24411824,https://open.spotify.com/track/4VM6WUdnRnBv6cHAjyzxcK,0.379,0.451,0.634,0.0,8.0,0.226,-6.65,1.0,0.118,136.643,0.298,4VM6WUdnRnBv6cHAjyzxcK
206,7114ad56-833a-4fbb-8068-58287a74478a,https://open.spotify.com/track/1H7Zqkq54andtaSSnLRrfp,0.0865,0.293,0.624,0.0,9.0,0.0874,-7.13,1.0,0.0613,87.335,0.213,1H7Zqkq54andtaSSnLRrfp
207,0379a915-728e-4d29-a37c-64602c39e923,https://open.spotify.com/track/0SjjcXfArhzePhEzDNkY8z,0.234,0.634,0.603,0.0,7.0,0.536,-6.374,1.0,0.258,107.768,0.744,0SjjcXfArhzePhEzDNkY8z
208,d23660ea-954d-4edd-9b4f-3c1812a5fb1c,https://open.spotify.com/track/60FMRlhIQBSUlejDyPRKAU,0.377,0.418,0.924,0.00157,7.0,0.331,-3.385,0.0,0.0384,111.441,0.847,60FMRlhIQBSUlejDyPRKAU
209,ac60fcc9-1111-40c5-9c05-26dc785e6990,https://open.spotify.com/track/2fh3bZ8jZhMxOcfESE9nQY,0.0154,0.559,0.895,0.0,1.0,0.175,-4.476,0.0,0.0832,183.825,0.59,2fh3bZ8jZhMxOcfESE9nQY
210,3bca69eb-7194-45f1-9530-317d96fc9dac,https://open.spotify.com/track/3RUMYJ7hRzZA5Qzf4QlfCz,0.0389,0.823,0.886,9.45e-06,9.0,0.826,-4.851,1.0,0.159,101.007,0.59,3RUMYJ7hRzZA5Qzf4QlfCz
211,94f4d34d-4b8a-47c7-a963-62d4206808dd,https://open.spotify.com/track/4QNuz0m2QCn2Yw1sCUNIS2,0.468,0.44,0.584,0.0,11.0,0.651,-4.511,1.0,0.0844,159.66,0.384,4QNuz0m2QCn2Yw1sCUNIS2
212,de4a03f8-d9e4-426a-be7b-028e3f416550,https://open.spotify.com/track/21bID4wyC6UVdtmVMxRbUW,0.133,0.355,0.755,0.0,9.0,0.115,-4.165,1.0,0.0702,146.143,0.238,21bID4wyC6UVdtmVMxRbUW
213,dcf2f4bf-003b-4624-8803-8e73011bfbaa,https://open.spotify.com/track/2TdDRjNiF1HuRvnclprnce,0.0268,0.677,0.824,0.0164,0.0,0.363,-5.752,1.0,0.0449,122.223,0.696,2TdDRjNiF1HuRvnclprnce
214,f7331378-c5d1-4069-931e-35174e566fec,https://open.spotify.com/track/0qi4b1l0eT3jpzeNHeFXDT,0.403,0.766,0.772,0.0584,0.0,0.183,-9.362,1.0,0.0353,128.168,0.919,0qi4b1l0eT3jpzeNHeFXDT
215,8239d71c-d25e-45df-a543-9fac3499fb1c,https://open.spotify.com/track/43eBgYRTmu5BJnCJDBU5Hb,0.0415,0.544,0.873,1.82e-05,9.0,0.0925,-7.425,1.0,0.0525,140.902,0.676,43eBgYRTmu5BJnCJDBU5Hb
216,8b4b3580-bafa-497f-afc4-0e2f7b8f071c,https://open.spotify.com/track/5cY8y2XgOfkAh4kSWLFKkz,,,,,,,,,,,,5cY8y2XgOfkAh4kSWLFKkz
217,a43aaeba-5e6d-47c9-be0e-46c77facba06,https://open.spotify.com/track/3eXI3pYpiY1nRwhvW0c8Qi,0.292,0.761,0.662,6.19e-05,6.0,0.0956,-7.645,0.0,0.0548,120.043,0.631,3eXI3pYpiY1nRwhvW0c8Qi
218,7e57a785-f611-4fc8-8d67-f2f5753748ed,https://open.spotify.com/track/6I9VzXrHxO9rA9A5euc8Ak,0.0249,0.774,0.838,0.025,5.0,0.242,-3.914,0.0,0.114,143.04,0.924,6I9VzXrHxO9rA9A5euc8Ak
219,7a319dc3-8265-4f28-9e3a-03465014077e,https://open.spotify.com/track/3E7ZwUMJFqpsDOJzEkBrQ7,0.0263,0.766,0.563,0.683,9.0,0.115,-7.516,0.0,0.0339,126.007,0.964,3E7ZwUMJFqpsDOJzEkBrQ7
220,54be914a-6660-4b31-9ca6-f5017a80f267,https://open.spotify.com/track/3MjUtNVVq3C8Fn0MP3zhXa,0.202,0.759,0.699,0.000131,0.0,0.443,-5.745,0.0,0.0307,92.96,0.907,3MjUtNVVq3C8Fn0MP3zhXa
221,52dd18e0-ac1f-4084-9a34-a234100d31b6,https://open.spotify.com/track/6CltzquypraYIlWFp48m1O,0.00089,0.551,0.814,1.16e-06,4.0,0.18,-3.683,1.0,0.0425,130.971,0.469,6CltzquypraYIlWFp48m1O
222,9c50bb05-9aed-4ab2-9f56-c1285e6b8140,https://open.spotify.com/track/4hui0bX1Bv89yg1BTsz4NU,0.00195,0.481,0.925,0.000315,8.0,0.302,-3.787,1.0,0.0717,160.959,0.577,4hui0bX1Bv89yg1BTsz4NU
223,f9c8614c-d1dd-4275-a23a-a0054d8d6dfd,https://open.spotify.com/track/50PsIMoFsYh2clFHipEi8c,0.000587,0.43,0.964,0.00102,11.0,0.111,-3.879,1.0,0.169,155.902,0.24,50PsIMoFsYh2clFHipEi8c
224,0d15b918-2b45-410b-9c8b-6d07c62ab861,https://open.spotify.com/track/7i9763l5SSfOnqZ35VOcfy,0.00397,0.613,0.873,0.00111,7.0,0.367,-6.376,0.0,0.0449,129.989,0.392,7i9763l5SSfOnqZ35VOcfy
225,ff1ef0b2-ee4d-43b4-b3aa-aceabbbf16b9,https://open.spotify.com/track/2Z8WuEywRWYTKe1NybPQEW,0.00835,0.645,0.713,0.0,6.0,0.113,-5.355,1.0,0.0393,74.989,0.566,2Z8WuEywRWYTKe1NybPQEW
226,9e711c66-6e0d-43fe-b1ce-6ef4e054f57e,https://open.spotify.com/track/3bnVBN67NBEzedqQuWrpP4,0.0189,0.655,0.632,0.0,2.0,0.0722,-4.802,1.0,0.0489,120.113,0.447,3bnVBN67NBEzedqQuWrpP4
227,01d8065a-372b-470e-ab26-d47a7b973437,https://open.spotify.com/track/4Oyl6oYSNeeZZP0OAxPVaU,0.0897,0.715,0.838,0.0,2.0,0.15,-6.077,0.0,0.118,120.007,0.497,4Oyl6oYSNeeZZP0OAxPVaU
228,dbe26ff6-d1ba-4ea8-b0be-931f4187ae90,https://open.spotify.com/track/0RggFSMfsJvAsrI4itTIzr,0.0401,0.745,0.981,0.528,7.0,0.374,-4.017,1.0,0.0349,116.096,0.841,0RggFSMfsJvAsrI4itTIzr
229,a3d3e9b6-fd9e-40ed-ae49-2e614676b4dc,https://open.spotify.com/track/1rqqCSm0Qe4I9rUvWncaom,0.193,0.579,0.904,0.0,5.0,0.064,-2.729,1.0,0.0618,82.014,0.681,1rqqCSm0Qe4I9rUvWncaom
230,ab6069c3-b2ab-45ee-af96-2f1fb047fed5,https://open.spotify.com/track/2hBR3npBmnfr1VWB3O64Jt,0.36,0.755,0.913,0.0425,3.0,0.0242,-5.058,1.0,0.0391,129.0,0.752,2hBR3npBmnfr1VWB3O64Jt
231,360e9004-9b62-40a3-9619-878039b8162b,https://open.spotify.com/track/1XyL3J7eTTKnxRZAM3LqIT,0.0271,0.715,0.8,0.0,4.0,0.0648,-5.144,0.0,0.057,129.023,0.445,1XyL3J7eTTKnxRZAM3LqIT
232,d2fc7e64-6e36-437d-adc4-9c0d01534597,https://open.spotify.com/track/7795WJLVKJoAyVoOtCWqXN,0.529,0.678,0.484,2.01e-05,5.0,0.0766,-5.795,1.0,0.0361,82.004,0.493,7795WJLVKJoAyVoOtCWqXN
233,07cef968-f8bf-4053-b0b0-643b8bcdaa42,https://open.spotify.com/track/7wvo89jxI2T4coy9yIvZWM,0.000631,0.389,0.971,0.09,2.0,0.305,-4.912,1.0,0.059,157.946,0.392,7wvo89jxI2T4coy9yIvZWM
234,77d666e3-80c9-413d-b09c-4987ac65c915,https://open.spotify.com/track/4NCq3RBBNrwEECqKnIUXvZ,0.0297,0.542,0.936,0.00253,2.0,0.322,-3.547,1.0,0.0382,129.037,0.542,4NCq3RBBNrwEECqKnIUXvZ
235,aac1a158-b51e-4001-869b-9dab4325800c,https://open.spotify.com/track/0yp3TvJNlG50Q4tAHWNCRm,0.209,0.626,0.667,0.000257,0.0,0.0779,-11.817,0.0,0.0283,112.776,0.83,0yp3TvJNlG50Q4tAHWNCRm
236,c1a7b406-ed0d-4f21-b236-307b140b6edf,https://open.spotify.com/track/1lguQJjlNrIOoOylYVZN3M,0.177,0.423,0.797,0.0,0.0,0.137,-4.659,1.0,0.124,82.617,0.592,1lguQJjlNrIOoOylYVZN3M
237,f703bd63-0a7a-4602-a0c4-e22476453114,https://open.spotify.com/track/1Dp7ASSZVVOPJ85VdLpjOX,0.00471,0.477,0.873,0.00589,1.0,0.0813,-4.946,1.0,0.0355,161.948,0.611,1Dp7ASSZVVOPJ85VdLpjOX
238,f2b9c5c3-d2fb-4af6-8e71-3be1a6e78f3d,https://open.spotify.com/track/2DgdHcjWmO3qd50RzuBLgZ,0.00272,0.506,0.817,0.0,11.0,0.0486,-5.051,0.0,0.0335,109.952,0.506,2DgdHcjWmO3qd50RzuBLgZ
239,69bcce23-a4d1-409c-950d-40e4cb675b2c,https://open.spotify.com/track/2WpCr1ls4bjL54NAcN5DAA,0.00453,0.759,0.718,6.63e-06,11.0,0.0333,-10.279,0.0,0.0365,120.123,0.874,2WpCr1ls4bjL54NAcN5DAA
5,,,,,,,,,,,,,,7hCNBVRhHzcsRAv0TQnOzq
7,,,,,,,,,,,,,,7MZHqgTVTnN6xZGYAcEEAf
29,,,,,,,,,,,,,,1bCmvezFg5MRcENzCGG1Cy
30,,,,,,,,,,,,,,69h2mpzNUmdEg5egeNa1ki
50,,,,,,,,,,,,,,30VrBsh1STRBoIrhQOAwzK
58,,,,,,,,,,,,,,7AQjiRtIpr33P8UT98iveh
62,,,,,,,,,,,,,,6kFPBOtSOIlrleJNkZ6ESF
98,,,,,,,,,,,,,,7ppPZa3TRUSGKaks9wH7VT
100,,,,,,,,,,,,,,1ctdfJSzp6qF2iDAVdDrfl
105,,,,,,,,,,,,,,14iN3o8ptQ8cFVZTEmyQRV
106,,,,,,,,,,,,,,2k3MdyqMHmfZubFg3pmtby
108,,,,,,,,,,,,,,0iGckQFyv6svOfAbAY9aWJ
117,,,,,,,,,,,,,,5BHtT1xpC44pGy1J7RKY4T
125,,,,,,,,,,,,,,54MFLMtI1lDZXzWCnrL2jo
127,,,,,,,,,,,,,,3a9TMd2Yrza6HXqqlfMtfy
157,,,,,,,,,,,,,,41gi9iAWpFW3ps8Tvii6z0
158,,,,,,,,,,,,,,4XE98WRGbBGRZ7jQ9wIwFt
160,,,,,,,,,,,,,,6nCDnzErqalOaIY3EJM8NK
164,,,,,,,,,,,,,,0iOu4s8w3pE9vbpb1SHXsL
177,,,,,,,,,,,,,,6SKwQghsR8AISlxhcwyA9R
187,,,,,,,,,,,,,,1rhXXcrYp9RRObN5gsmqCU
188,,,,,,,,,,,,,,495O1Affo7AurEPQcvcr18
191,,,,,,,,,,,,,,5GorCbAP4aL0EJ16frG2hd
198,,,,,,,,,,,,,,22sLuJYcvZOSoLLRYev1s5
199,,,,,,,,,,,,,,1z3ugFmUKoCzGsI6jdY4Ci
212,,,,,,,,,,,,,,5taEkpLAKpaBl9ONW6AOup
250,,,,,,,,,,,,,,5dsZWTrGlG2OWrWrtHGzJn
0,,,,,,,,,,,,,,2TffLAylCcpWANRIuUCwDg
